{
  "ANÁPOLIS": [
    -16.3332828,
    -48.9525756
  ],
  "APARECIDA DE GOIÂNIA": [
    -16.8226769,
    -49.2452546
  ],
  "ARACAJU": [
    -10.9162061,
    -37.0774655
  ],
  "ARAPONGAS": [
    -23.4152862,
    -51.4293961
  ],
  "ARARAQUARA": [
    -21.7886713,
    -48.1773096
  ],
  "ARAUCÁRIA": [
    -25.5861107,
    -49.4051209
  ],
  "ARAÇATUBA": [
    -21.207992,
    -50.4390225
  ],
  "BAURU": [
    -22.3173803,
    -49.0689778
  ],
  "BELO HORIZONTE": [
    -19.9227318,
    -43.9450948
  ],
  "BETIM": [
    -19.9703184,
    -44.206495
  ],
  "BIGUAÇU": [
    -27.4961076,
    -48.654111
  ],
  "BLUMENAU": [
    -26.9195567,
    -49.0658025
  ],
  "BOTUCATU": [
    -22.8879628,
    -48.4410712
  ],
  "BRASÍLIA": [
    -15.7939869,
    -47.8828
  ],
  "CABEDELO": [
    -6.97324,
    -34.8351609
  ],
  "CAMARAGIBE": [
    -8.0213832,
    -34.9810768
  ],
  "CAMAÇARI": [
    -12.6998188,
    -38.3260762
  ],
  "CAMBÉ": [
    -23.2782035,
    -51.2779583
  ],
  "CAMPINAS": [
    -22.9056391,
    -47.059564
  ],
  "CAMPO GRANDE": [
    -20.4640173,
    -54.6162947
  ],
  "CAMPOS DOS GOYTACAZES": [
    -21.7546,
    -41.3242
  ],
  "CANOAS": [
    -29.9216045,
    -51.1799525
  ],
  "CARIACICA": [
    -20.263202,
    -40.416549
  ],
  "CARUARU": [
    -8.2829702,
    -35.9722852
  ],
  "CATANDUVA": [
    -21.1331035,
    -48.9712817
  ],
  "CAUCAIA": [
    -3.771737,
    -38.7905693
  ],
  "CAXIAS DO SUL": [
    -29.1685045,
    -51.1796385
  ],
  "CEILÂNDIA": [
    -15.8173391,
    -48.1045766
  ],
  "CONTAGEM": [
    -19.9132749,
    -44.0840953
  ],
  "CUIABÁ": [
    -15.5986686,
    -56.0991301
  ],
  "CURITIBA": [
    -25.4295963,
    -49.2712724
  ],
  "Camaçari": [
    -12.6998188,
    -38.3260762
  ],
  "Curitiba": [
    -25.4295963,
    -49.2712724
  ],
  "DUQUE DE CAXIAS": [
    -22.6429163,
    -43.3021266
  ],
  "EUSÉBIO": [
    -3.8889838,
    -38.4546585
  ],
  "FEIRA DE SANTANA": [
    -12.2578934,
    -38.9598047
  ],
  "FLORIANÓPOLIS": [
    -27.5973002,
    -48.5496098
  ],
  "FORTALEZA": [
    -3.7932167,
    -38.5280359
  ],
  "FRANCA": [
    -20.5381768,
    -47.4009795
  ],
  "Fortaleza": [
    -3.7932167,
    -38.5280359
  ],
  "GAMA": [
    -16.0170857,
    -48.0653054
  ],
  "GOIÂNIA": [
    -16.680882,
    -49.2532691
  ],
  "GRAVATAÍ": [
    -29.9440222,
    -50.9930938
  ],
  "GUARULHOS": [
    -23.4675941,
    -46.5277704
  ],
  "ITABORAÍ": [
    -22.7496231,
    -42.8557428
  ],
  "ITAQUAQUECETUBA": [
    -23.4754492,
    -46.3514033
  ],
  "ITÚ": [
    -23.2637798,
    -47.2998462
  ],
  "Itaquaquecetuba": [
    -23.4754492,
    -46.3514033
  ],
  "JABOATÃO DOS GUARARAPES": [
    -8.1752476,
    -34.9468716
  ],
  "JACAREÍ": [
    -23.3050682,
    -45.9723075
  ],
  "JOAO PESSOA": [
    -7.1215981,
    -34.882028
  ],
  "JOINVILLE": [
    -26.3044898,
    -48.8486726
  ],
  "JOÃO PESSOA": [
    -7.1215981,
    -34.882028
  ],
  "JUIZ DE FORA": [
    -21.7609533,
    -43.3501129
  ],
  "JUNDIAÍ": [
    -23.1887668,
    -46.884506
  ],
  "Jaboatão Dos Guararapes": [
    -8.1752476,
    -34.9468716
  ],
  "LAGOA SANTA": [
    -19.6357376,
    -43.8966132
  ],
  "LAURO DE FREITAS": [
    -12.89242,
    -38.3127691
  ],
  "LIMEIRA": [
    -22.5615068,
    -47.401766
  ],
  "LONDRINA": [
    -23.4761271,
    -51.1179013
  ],
  "MACAÉ": [
    -22.2828305,
    -41.9649091
  ],
  "MACEIÓ": [
    -9.6476843,
    -35.7339264
  ],
  "MANAUS": [
    -3.1316333,
    -59.9825041
  ],
  "MARINGÁ": [
    -23.425269,
    -51.9382078
  ],
  "MARÍLIA": [
    -22.2172002,
    -49.9500061
  ],
  "MAUÁ": [
    -23.6669527,
    -46.4616922
  ],
  "MOGI DAS CRUZES": [
    -23.5234284,
    -46.1926671
  ],
  "MOGI MIRIM": [
    -22.433123,
    -46.958246
  ],
  "MONTES CLAROS": [
    -16.7495727,
    -43.8687268
  ],
  "Maceió": [
    -9.6476843,
    -35.7339264
  ],
  "NATAL": [
    -5.805398,
    -35.2080905
  ],
  "NITERÓI": [
    -22.8884,
    -43.1147
  ],
  "NOVA IGUAÇU": [
    -22.7592175,
    -43.4508728
  ],
  "NOVO HAMBURGO": [
    -29.6905705,
    -51.1429035
  ],
  "Natal": [
    -5.805398,
    -35.2080905
  ],
  "OSASCO": [
    -23.5324859,
    -46.7916801
  ],
  "PALHOÇA": [
    -27.6447774,
    -48.6646323
  ],
  "PALMAS": [
    -10.1837852,
    -48.3336423
  ],
  "PARNAMIRIM": [
    -5.9153334,
    -35.2679913
  ],
  "PAULISTA": [
    -7.9340069,
    -34.868407
  ],
  "PAULÍNIA": [
    -22.7630391,
    -47.1532213
  ],
  "PAÇO DO LUMIAR": [
    -2.5329055,
    -44.1591965
  ],
  "PINDAMONHANGABA": [
    -22.9364,
    -45.4622602
  ],
  "PIRACICABA": [
    -22.725165,
    -47.6493269
  ],
  "PORTO ALEGRE": [
    -30.0324999,
    -51.2303767
  ],
  "POÁ": [
    -23.5249082,
    -46.3445663
  ],
  "PRESIDENTE PRUDENTE": [
    -22.1225167,
    -51.3882528
  ],
  "RECIFE": [
    -8.0584933,
    -34.8848193
  ],
  "RESENDE": [
    -22.4683626,
    -44.4463494
  ],
  "RIBEIRÃO DAS NEVES": [
    -19.7672898,
    -44.0875436
  ],
  "RIBEIRÃO PRETO": [
    -21.1776315,
    -47.8100983
  ],
  "RIO DAS OSTRAS": [
    -22.5269448,
    -41.944972
  ],
  "RIO DE JANEIRO": [
    -22.9110137,
    -43.2093727
  ],
  "SALTO": [
    -23.1989983,
    -47.2913682
  ],
  "SALVADOR": [
    -12.9822499,
    -38.4812772
  ],
  "SAMAMBAIA": [
    -23.1019554,
    -48.2610535
  ],
  "SANTA BÁRBARA D'OESTE": [
    -22.7542539,
    -47.4137884
  ],
  "SANTA LUZIA": [
    -19.7702097,
    -43.8505291
  ],
  "SANTA MARIA": [
    -29.6860512,
    -53.8069214
  ],
  "SANTANA DE PARNAÍBA": [
    -23.4446715,
    -46.9167722
  ],
  "SANTO ANDRÉ": [
    -23.6533509,
    -46.5279039
  ],
  "SERRA": [
    -20.1252961,
    -40.3064477
  ],
  "SETE LAGOAS": [
    -19.466111,
    -44.246944
  ],
  "SOROCABA": [
    -23.5003451,
    -47.4582864
  ],
  "SUZANO": [
    -23.5427842,
    -46.3108391
  ],
  "Salvador": [
    -12.9822499,
    -38.4812772
  ],
  "Santo André": [
    -23.6533509,
    -46.5279039
  ],
  "SÃO CARLOS": [
    -22.0180395,
    -47.891154
  ],
  "SÃO GONÇALO": [
    -22.821635,
    -42.9956797
  ],
  "SÃO JOSÉ": [
    -27.6157733,
    -48.6276491
  ],
  "SÃO JOSÉ DE RIBAMAR": [
    -2.5609115,
    -44.0559509
  ],
  "SÃO JOSÉ DO RIO PRETO": [
    -20.8125851,
    -49.3804212
  ],
  "SÃO JOSÉ DOS CAMPOS": [
    -23.1867782,
    -45.8854538
  ],
  "SÃO JOSÉ DOS PINHAIS": [
    -25.533816,
    -49.2072163
  ],
  "SÃO LEOPOLDO": [
    -29.7544405,
    -51.1516497
  ],
  "SÃO LUÍS": [
    -2.5295265,
    -44.2963942
  ],
  "SÃO PAULO": [
    -23.5506507,
    -46.6333824
  ],
  "São José Dos Campos": [
    -23.1867782,
    -45.8854538
  ],
  "São Luís": [
    -2.5295265,
    -44.2963942
  ],
  "São Paulo": [
    -23.5506507,
    -46.6333824
  ],
  "TAGUATINGA": [
    -12.402404,
    -46.4365769
  ],
  "TAUBATÉ": [
    -23.031448,
    -45.5612792
  ],
  "TERESINA": [
    -5.0874608,
    -42.8049571
  ],
  "TREMEMBÉ": [
    -22.9641763,
    -45.5489548
  ],
  "Taubaté": [
    -23.031448,
    -45.5612792
  ],
  "Teresina": [
    -5.0874608,
    -42.8049571
  ],
  "UBERABA": [
    -19.750833,
    -47.936666
  ],
  "UBERLÂNDIA": [
    -18.9188041,
    -48.2767837
  ],
  "VALPARAÍSO DE GOIÁS": [
    -16.0686394,
    -47.9764907
  ],
  "VARGEM GRANDE PAULISTA": [
    -23.599338,
    -47.022038
  ],
  "VESPASIANO": [
    -19.6940958,
    -43.9186521
  ],
  "VIAMÃO": [
    -30.0819338,
    -51.0261927
  ],
  "VILA VELHA": [
    -20.3297037,
    -40.2920174
  ],
  "VITÓRIA DA CONQUISTA": [
    -14.8567487,
    -40.8414804
  ],